Time,Sucrose,Glucose,Fructose,Lactate,Acetate,Propionate,Ethanol,pH,EC
0,2.04253e+5,3.63365e+5,7.06543e+5,1372.53529,617.89154,483.31973,1.60286e+4,4.37,1.98
24,6.67751e+4,6508.18311,3.65526e+5,925.33466,620.47668,430.37982,9.29194e+4,4.43,2.25
48,0,0,460701.9,1484.37646,1066.06689,631.53302,1.13407e+5,4.38,2.75
72,0,0,142587,2148.30347,1088.88342,706.49536,83295.4,4.11,2.64
