Test,FStatistic,pValue
Lactate_35,772.5838212405088,5.108067506783779e-42
Acetate_35,111.17224356503642,2.1253986238522472e-20
Propionate_35,80.79927063168483,2.304021303527349e-17
Ethanol_35,188.10646060828972,7.878498205550267e-26
Lactate_40,113.79887247221755,1.2497896727688376e-20
Acetate_40,2.029998447223815,0.14072304283900877
Propionate_40,120.45075851398408,3.3990770909584006e-21
Ethanol_40,2.9698370204602798,0.05930419818894511
