Test,FStatistic,pValue
Lactate_35,271.0313709558344,4.9296406288056665e-51
Acetate_35,317.18861296224225,4.9768636488893583e-54
Propionate_35,105.40549850081995,4.6308848537779634e-34
Ethanol_35,172.55427291825802,1.1503416379576293e-42
Lactate_40,483.04889581384253,3.3858290637669196e-62
Acetate_40,8.131057677727233,1.1065509190330694e-5
Propionate_40,30.48741834507839,2.5544789918881356e-16
Ethanol_40,115.81699704836578,1.1841466193543962e-35
