Test,FStatistic,pValue
Lactate_35,252.20893072797398,4.872770511913831e-29
Acetate_35,47.127332666131885,8.331691580082752e-13
Propionate_35,62.902384457796764,3.765208519075023e-15
Ethanol_35,255.16013337512655,3.616819883216311e-29
Lactate_40,390.1009930690418,5.5178674364316725e-34
Acetate_40,5.219839288525717,0.008285941677698232
Propionate_40,4.3795591537096925,0.01700935758730961
Ethanol_40,145.02089457514242,4.380794060124871e-23
