Test,FStatistic,pValue
Lactate_35,271.1669698673637,4.823310827014101e-51
Acetate_35,264.7003034468151,1.3799934572954579e-50
Propionate_35,109.55110151584486,1.0396348022063186e-34
Ethanol_35,175.5318198673045,5.6382799736988e-43
Lactate_40,512.7247047416171,2.2746974188148472e-63
Acetate_40,8.718496231669995,4.875532416765655e-6
Propionate_40,42.60540557286986,2.0099734466898094e-20
Ethanol_40,115.38072759582418,1.3731492540614211e-35
