Variable,Lactate,Acetate,Propionate,Ethanol
Mix Amount,0.21943784213030576,-0.004395001252233533,0.049561552118372425,0.052850466595393795
Temperature,0.41678719143748405,0.9922108553847707,0.8598464546476077,0.882681657297902
Interaction,0.3637749664322102,0.012184145867462859,0.0905919932340199,0.06446787610670413
