Reactor_Name,Acetate,Hydrolysate,Ratio
Reactor 0,443.52000000000004,0.279,0.0629
Reactor 1,206.64,0.455,0.2202
Reactor 2,122.27999999999999,0.521,0.4261
Reactor 4,409.26,0.36,0.088
Reactor FW,257.88,0.362,0.1404
