Reactor_Name,Acetate,Hydrolysate,Ratio
Reactor 0,443.52000000000004,1.219,0.2748
Reactor 1,206.64,1.905,0.9219
Reactor 2,122.27999999999999,1.633,1.3355
Reactor 4,409.26,1.009,0.2465
Reactor FW,257.88,1.272,0.4933
