Reactor_Name,Acetate,Hydrolysate,Ratio
Reactor 0,443.52000000000004,0.84,0.1894
Reactor 1,206.64,1.884,0.9117
Reactor 2,122.27999999999999,1.484,1.2136
Reactor 4,409.26,0.779,0.1903
Reactor FW,257.88,1.272,0.4933
