Variable,Lactate,Acetate,Propionate,Ethanol
Mix Amount,0.8966550289480643,0.7575632842626372,0.5081326655406178,0.08739625142943636
Temperature,-0.011044059874221884,0.22540557756524252,0.35307021748192735,0.8363483455655231
Interaction,0.1143890309261576,0.01703113817212032,0.1387971169774549,0.07625540300504063
