Sample_Name,Methane_Production_Potential,Methane_Production_Rate,Lag_Time,R_squared
Sample 0,37.583292933520596,0.43352272088518945,3.7633249325421407,0.9908287420835132
Sample 1,104.27981650855111,1.0753826563746403,4.506644742710642,0.9948248763395485
Sample 2,78.45849338155202,1.1443281928334557,0.0,0.9273165854098584
Sample 4,83.67486921885508,0.7967520956496222,0.2651421246178668,0.9863037033926703
FW 1,767.4031698712384,1.167217626377572,0.0,0.4636503862186968
