Variable,Lactate,Acetate,Propionate,Ethanol
Mix Amount,0.2733649525365489,-0.04971910129899101,0.026878373860503502,0.0706665573932068
Temperature,0.012445038902592494,0.009461471240836083,-0.015198179796400377,-0.1067022232639296
