Variable,Lactate,Acetate,Propionate,Ethanol
Mix Amount,0.0028052671379571,-0.006639298031127114,-0.0023724663035992175,-0.024289563136920683
Temperature,0.0637518706180125,0.09819960344893884,0.03169807405803303,-0.11320413848825797
