Variable,Lactate,Acetate,Propionate,Ethanol
Mix Amount,0.0019803378100897934,-0.005645082980499569,-0.003426666577253014,-0.02425000159443951
Temperature,0.06241504217897857,0.09857771782867503,0.031095559065181244,-0.11345901577872539
