Variable,Lactate,Acetate,Propionate,Ethanol
Mix Amount,0.27789550936600876,-0.05056206002912063,0.027378052891015518,0.07366202626921865
Temperature,0.011341886232097182,0.009011233844231142,-0.014950689487644706,-0.1074240836972539
