Variable,Lactate,Acetate,Propionate,Ethanol
Mix Amount,0.2764760268783567,-0.05260906971585905,0.02986768093593085,0.07162731882010949
Temperature,0.011143741919287922,0.009274827071255513,-0.015439452931345014,-0.10671353448778348
