Variable,Lactate,Acetate,Propionate,Ethanol
Mix Amount,0.0010334695588179463,-0.007150426491811908,-0.0014650440098998474,-0.024246383402439817
Temperature,0.06156839180424115,0.09878300170337019,0.031803084367235786,-0.11299683278477488
