Variable,Lactate,Acetate,Propionate,Ethanol
Mix Amount,0.27660454189431494,-0.05094643939902066,0.028444302113961,0.07070773713090733
Temperature,0.011394459101616126,0.009696150062250027,-0.015307697900908772,-0.10652238949766173
