Variable,Lactate,Acetate,Propionate,Ethanol
Mix Amount,0.0033993333298797377,-0.00658587591896137,-0.0017436712258091464,-0.024044969316712274
Temperature,0.06304535636153102,0.0993331115139084,0.03166777387063255,-0.11288910295723716
