COD,Low_Dilution,High_Dilution
Soluble,18608.86786,21408.8758
Total,52235.14645,94472.58350000002
