Mix_Amount,Lactate,Acetate,Propionate,Ethanol
0,2.6422091510126406e-9,0.009639126197115905,3.6751413013692153e-6,3.9349201027078726e-20
1,3.345036017497354e-11,0.04208889082341365,9.522291709965008e-9,7.685132079371353e-30
2,8.672349285411014e-13,8.920972213277321e-15,0.03662433566162228,1.308938159479435e-29
4,8.655490397080007e-19,3.93893678520419e-21,2.0543416176717643e-17,5.746404396788564e-29
8,1.4613921314465585e-22,4.553793642651361e-20,2.7874449070390204e-13,2.1108617384925507e-25
