Temperature,Lactate,Acetate,Propionate,Ethanol
35 C,0.042529700466385795,-0.05279613915816347,-0.012725600861789628,0.012739390210209865
40 C,0.0977274065621652,0.01612735735607732,0.025185609782776473,-0.0098955250958924
