Temperature,Lactate,Acetate,Propionate,Ethanol
35 C,0.05175074353793212,-0.048601736363466375,-0.011495362122801733,0.012348515206788577
40 C,0.09874538367477191,0.014891785214402507,0.023317141339228818,-0.010371348165966708
