Temperature,Lactate,Acetate,Propionate,Ethanol
35 C,0.03950997561948716,-0.05298942592093294,-0.016460372225662368,0.010160895203873083
40 C,0.09793219105776835,0.015812775169774043,0.02392387115679432,-0.01006818721902588
