Temperature,Lactate,Acetate,Propionate,Ethanol
35 C,0.04785436177217481,-0.049509140234019526,-0.013385597449622803,0.007560062180615207
40 C,0.0969506252899398,0.016169576426366614,0.023631017494635708,-0.010493180234437054
