Variable,Lactate,Acetate,Propionate,Ethanol
Mix Amount,0.07128445386028504,-0.018275222175030584,0.006260650234956454,0.0003159999946236698
Temperature,0.050339092727399,0.07627273633607913,0.02001626893588323,-0.11124313174731741
