Variable,Lactate,Acetate,Propionate,Ethanol
Mix Amount,0.07080768396668978,-0.017379513395315314,0.006565267952506746,-0.0005177409668161931
Temperature,0.05154378009148284,0.07688778887415607,0.020121960643922798,-0.11119769801151097
