Variable,Lactate,Acetate,Propionate,Ethanol
Mix Amount,0.06912576704982355,-0.0161830932129848,0.005998687264775223,0.0032123006824594925
Temperature,0.04979380229987958,0.07711670677715199,0.019759232857327023,-0.11129969055998154
