Variable,Lactate,Acetate,Propionate,Ethanol
Mix Amount,0.5627857444250471,0.17002924528473987,0.1522479013376131,0.08394570064980623
Temperature,0.22730367437092983,0.6038934215011564,0.3122832708078119,0.846559339360739
Interaction,0.20991058120402306,0.22607733321410373,0.5354688278545751,0.06949495998945476
