Variable,Lactate,Acetate,Propionate,Ethanol
Mix Amount,0.07638898930826754,-0.016640124724056442,0.005845230368439727,-0.0003235385694077528
Temperature,0.04907872084615262,0.07668901301531045,0.019798482798578102,-0.11138063261673516
